id,per_square_meter_price
COL_289284,38809.55906147688
COL_289305,70295.93359618726
COL_289318,52185.2917112137
COL_289354,74397.80421851958
COL_289399,107314.09309898956
COL_289428,53999.72553737403
COL_289460,42787.76704077511
COL_289493,64399.494321758066
COL_289495,135974.22839753304
COL_289749,60403.66958603853
COL_289763,112030.06702137011
COL_289778,61737.4964741376
COL_289801,51022.24501530123
COL_289971,39833.00366632479
COL_290143,72205.0148754454
COL_290169,130287.08320994799
COL_290252,66891.67384695544
COL_290336,71364.6676476953
COL_290398,38195.540415851145
COL_290403,66760.78624309176
COL_290431,37716.89573902347
COL_290466,68612.70791464618
COL_290486,45801.88744307766
COL_290497,36282.945026725385
COL_290510,111764.9868612642
COL_290559,48024.93861711933
COL_290600,105761.22320241077
COL_290602,128018.91908373946
COL_290716,59135.589503845316
COL_290717,53693.4648442052
COL_290876,99034.14494058915
COL_290966,103685.7022514484
COL_291008,41773.319155610836
COL_291021,166597.2758047513
COL_291043,80346.14341847283
COL_291190,123113.20203481721
COL_291192,67853.74286442694
COL_291274,65750.10203925974
COL_291284,58816.73403257785
COL_291397,73949.13614018602
COL_291450,63038.391457521786
COL_291738,73774.81493618236
COL_291740,61929.70701621796
COL_291825,36076.601038359586
COL_291900,82209.34897122248
COL_292045,46916.40895758623
COL_292135,70907.724554415
COL_292258,43284.963652841776
COL_292275,25682.601924975374
COL_292279,85181.84268345333
COL_292364,47711.59255415585
COL_292417,25011.247390273486
COL_292421,60117.91402812787
COL_292501,46126.6568540917
COL_292654,69216.19190418402
COL_292906,65867.09676101497
COL_292926,58482.90998842922
COL_293123,62056.39071863164
COL_293135,52920.90607845236
COL_293496,51476.34040959471
COL_293497,52977.81764130884
COL_293588,492530.13018994255
COL_293614,177169.55011087397
COL_293631,86274.85223893225
COL_293703,50271.80405936751
COL_293773,56355.32347480857
COL_293780,38354.04240482467
COL_293783,37911.05294541046
COL_293826,42851.509397363945
COL_293889,62062.559679797
COL_293952,46384.61766658332
COL_293956,43789.45153692152
COL_294068,67166.27525703073
COL_294101,67592.9033512444
COL_294115,43572.28075963373
COL_294143,14167.936866564742
COL_294200,27918.723283194737
COL_294245,27783.12436077095
COL_294261,59991.73193839013
COL_294293,154427.38742909674
COL_294300,103426.66505607624
COL_294350,37589.64251720192
COL_294488,71000.67832925159
COL_294525,73852.87145636926
COL_294553,94969.53864945985
COL_294558,54332.43694774983
COL_294593,22975.716446010018
COL_294691,176340.1792567148
COL_294716,33840.43194405169
COL_294729,84183.44265635067
COL_294785,75077.29031829044
COL_294917,47949.39655072782
COL_294951,22826.979294461016
COL_294975,58081.02315246398
COL_295255,69912.7271659905
COL_295327,13554.58599217907
COL_295509,29951.713335851866
COL_295595,103097.59883532395
COL_296322,11721.917438136901
COL_296509,37179.450102836425
COL_296521,142571.41591495043
COL_296756,35473.170800246255
COL_296901,85843.30006442749
COL_297293,31651.618031083748
COL_297324,23234.186926739898
COL_297326,67182.16242917372
COL_297329,39872.484091985956
COL_297441,46899.14497232184
COL_297472,33381.231470749575
COL_297631,57791.102661318335
COL_297815,81349.81591041523
COL_298020,39382.68478924988
COL_298046,42243.897659998656
COL_298052,42919.627709471184
COL_298055,76108.2334920639
COL_298064,37940.09913036691
COL_298075,68532.91068361614
COL_298099,55440.480795809366
COL_298101,60250.02838447796
COL_298102,36729.673994675846
COL_298103,37644.298647968615
COL_298104,45348.827557215394
COL_298261,43516.90572694415
COL_298459,351255.1029507944
COL_298471,29580.317647596195
COL_298481,68314.30993651383
COL_298516,48135.688316250125
COL_298532,36023.445754131506
COL_298539,83377.35764700467
COL_298593,261080.51055290856
COL_298719,41946.36662118453
COL_298724,20515.79699695869
COL_298733,22589.042171805275
COL_298817,90240.48823048724
COL_298837,33099.42304996997
COL_298968,217174.7642150458
COL_299209,118435.26816360197
COL_299221,283204.18465248815
COL_299361,36467.675909661
COL_299366,48915.14877694422
COL_299450,69738.85467276459
COL_299454,62990.94457342427
COL_299455,58426.657475645865
COL_299459,59339.51570444323
COL_299464,38836.44210889275
COL_299468,53746.7165244328
COL_299486,48300.006433277624
COL_299491,81728.34799806999
COL_299497,50935.41071775953
COL_299499,27824.56426858639
COL_299501,62120.58006755347
COL_299540,39076.605926762146
COL_299615,68423.91138827424
COL_299659,269058.260353969
COL_299678,325206.7689143524
COL_299795,22898.57381441964
COL_299818,38535.97413004114
COL_299819,67540.64979328375
COL_299820,75847.29764068485
COL_299960,41960.30650498658
COL_300095,60975.70667194143
COL_300108,245326.3633698762
COL_300125,30561.90010056138
COL_300144,403498.22631928406
COL_300225,76792.41657065268
COL_300305,205130.03861957588
COL_300423,33045.30490445125
COL_300491,71590.7732684071
COL_300562,43544.06022452071
COL_300747,34036.05006984462
COL_300816,93571.11269092814
COL_300942,66298.33533587318
COL_300959,25450.4582602095
COL_300962,64623.141448646296
COL_301220,31343.696024157947
COL_301285,53125.976574062115
COL_301290,68876.64938657025
COL_301303,49286.37479208775
COL_301367,20320.299238077325
COL_301368,23148.583419089184
COL_301378,46317.10498520736
COL_301401,89891.52495304312
COL_301444,22140.25609960226
COL_301445,59742.56295526273
COL_301574,88604.63180569765
COL_301649,41177.07772350352
COL_301669,76411.72144899738
COL_301670,69953.4764268263
COL_301679,30028.155645839997
COL_301709,52029.85776306159
COL_301757,198344.48876443188
COL_301819,41887.71165635431
COL_301820,51297.061201712495
COL_301821,53221.35450751978
COL_301822,51090.67558586721
COL_301823,51297.061201712495
COL_301843,47921.18214859258
COL_301976,68279.50308347036
COL_301986,33760.52294530493
COL_302097,57617.175982523055
COL_302111,52166.892217937515
COL_302139,38019.84357703693
COL_302293,67092.77829759056
COL_302294,40254.27748074191
COL_302428,185498.41083931358
COL_302465,44583.43696942262
COL_302497,59896.79542160541
COL_302548,49553.02139398858
COL_302597,58484.39813132147
COL_302726,35785.22185194472
COL_302745,66945.59494736952
COL_302873,39511.95636332772
COL_302926,38224.903282321735
COL_302986,37541.79693195947
COL_302987,41443.97752353067
COL_302994,119106.14776945232
COL_303002,71937.53950998343
COL_303004,31075.010236946237
COL_303007,27181.020645917586
COL_303069,44068.79696870558
COL_303147,62477.633867289565
COL_303265,57788.95347522655
COL_303285,62660.95701143439
COL_303366,40122.797743816926
COL_303405,128852.65794852728
COL_303564,52994.86775278274
COL_303569,57913.25400974674
COL_303618,66916.98659527696
COL_303623,56404.666468920834
COL_303624,57128.76357453982
COL_303625,55963.28336449996
COL_303626,32488.24151329645
COL_303627,54768.05940014008
COL_303637,11726.836248294652
COL_303638,21898.44360739011
COL_304041,51178.16708355469
COL_304147,644787.7565626618
COL_304255,283251.7214386385
COL_304280,71355.81555973711
COL_304320,77640.53950941178
COL_304322,74733.08442429663
COL_304323,61098.069683539004
COL_304324,48487.658266711886
COL_304325,61205.93342512164
COL_304367,46702.49153543728
COL_304546,55979.79928617328
COL_304550,73954.19219076654
COL_304552,69991.48546170378
COL_304561,29792.288093220708
COL_304585,62202.814684691555
COL_304853,85154.73446896125
COL_304902,38096.728676014274
COL_304978,72236.37672218832
COL_304984,35456.405164150936
COL_305002,63530.41064294964
COL_305017,42206.26456951885
COL_305038,57114.23674299781
COL_305057,27537.762787704316
COL_305058,33773.359525768064
COL_305059,33773.359525768064
COL_305114,392029.7921728801
COL_305373,60323.60965369485
COL_305382,69102.70287661985
COL_305383,64308.45423811301
COL_305384,69175.34740260536
COL_305385,69175.34740260536
COL_305386,69102.70287661985
COL_305387,69175.34740260536
COL_305388,67066.83217072065
COL_305413,83154.41501816206
COL_305607,54754.35717243285
COL_305652,76494.2676293459
COL_305726,225606.84449774006
COL_305896,85880.37329842137
COL_305924,49245.58605947402
COL_305926,49532.37391174813
COL_306033,64884.90570876387
COL_306088,64197.80355018302
COL_306141,23963.930907643124
COL_306143,40902.378235674456
COL_306144,69343.27167830146
COL_306151,72115.49800940964
COL_306153,48903.766656260326
COL_306154,45742.1488813706
COL_306155,23047.97203088214
COL_306206,61499.43145052837
COL_306621,38427.53009230555
COL_306728,61844.210148280414
COL_306758,33691.16672635626
COL_306763,86633.30151035778
COL_306803,33577.30890045345
COL_306853,37905.183335193426
COL_306892,33769.06166888023
COL_306938,63578.34500713066
COL_307001,58349.60896452675
COL_307043,32377.43241989007
COL_307158,64919.007341693454
COL_307269,42216.02111289959
COL_307356,70935.82265179482
COL_307480,60998.13123700162
COL_307529,108232.91253904889
COL_307623,40916.02926508066
COL_307819,81372.54866046963
COL_307874,88869.6354418095
COL_307945,58755.15139235221
COL_307986,38266.2195750547
COL_308206,54453.752094068404
COL_308211,28326.892926000513
COL_308429,56736.762329383935
COL_308446,84139.36272382212
COL_308472,67942.13701915351
COL_308486,55971.48685112897
COL_308492,67765.41046387183
COL_308493,70941.8947529732
COL_308743,47415.2945109076
COL_308803,51733.2927625088
COL_308813,104034.38720480145
COL_308963,39760.99285567117
COL_308966,14126.087910099928
COL_309079,41353.19012749001
COL_309121,29580.317647596195
COL_309434,52902.63303394861
COL_309612,32433.451792587995
COL_309635,27902.304466740792
COL_309640,81343.30811273154
COL_309642,48002.54257243272
COL_309784,44349.732740358566
COL_310093,103154.00640334692
COL_310107,102261.069378575
COL_310164,68190.95237864534
COL_310207,86912.77242865175
COL_310218,55742.017020881365
COL_310311,44798.047892066104
COL_310315,50028.83265306013
COL_310359,41084.70840438755
COL_310405,60959.213237954275
COL_310447,122725.06481830502
COL_310503,112885.33533601149
COL_310570,51465.125826492986
COL_310590,118669.91095141147
COL_310604,74446.49266576827
COL_310641,141395.86944071914
COL_310642,63322.65193719082
COL_310656,387843.78542364103
COL_310722,36231.2476549986
COL_310897,86304.76856233159
COL_311016,66508.86588933939
COL_311017,52834.779645724106
COL_311018,59633.91559828058
COL_311025,41693.26275444284
COL_311026,31044.006337787174
COL_311068,89155.33531990732
COL_311128,44465.56952799283
COL_311187,128237.97300280162
COL_311188,126661.07710786581
COL_311328,225595.98070134575
COL_311348,28783.04143721133
COL_311537,38203.2144562113
COL_311660,51320.76400240821
COL_311665,55352.55807359727
COL_311698,20936.340921849893
COL_311704,417776.9739624394
COL_311870,43450.62147495222
COL_312002,47448.19895653176
COL_312005,575925.2717195724
COL_312006,163767.05655392495
COL_312007,155750.8021648649
COL_312010,79016.68110706753
COL_312014,34335.13365996401
COL_312208,57524.84510302011
COL_312270,46603.0484449725
COL_312284,50360.05889499852
COL_312290,53815.3542240338
COL_312323,63367.467865042185
COL_312335,54690.08629080091
COL_312455,46463.62201430429
COL_312609,26834.16819554739
COL_312628,29452.960625573895
COL_312649,65411.22431387677
COL_312672,53260.42896363269
COL_312673,69088.69766851793
COL_312695,38718.81383342621
COL_312997,335860.0872479049
COL_313006,61869.22953921335
COL_313065,106355.35361535357
COL_313068,113387.22466668992
COL_313211,49390.06802273402
COL_313268,214978.27140725762
COL_313304,73449.69178034201
COL_313352,41989.00110444008
COL_313363,47360.01562262342
COL_313535,61726.39909791141
COL_313559,181957.70542078416
COL_313572,59494.903037869946
COL_313573,59676.983583951194
COL_313574,77537.64944770042
COL_313597,35610.74605318867
COL_313606,52819.96025583144
COL_313694,70086.1942986853
COL_313703,37337.377747983555
COL_313717,84282.62147427056
COL_313789,20504.8871967411
COL_313791,46258.040787172366
COL_313814,47651.71602703877
COL_314054,63340.12941544486
COL_314055,62252.291540356266
COL_314058,61463.73677281617
COL_314069,41963.041374542685
COL_314170,51339.22537642086
COL_314185,91463.48429026447
COL_314186,38910.89268703541
COL_314187,43872.32624881507
COL_314190,55517.04483945406
COL_314196,49721.58762601695
COL_314211,62499.30435686663
COL_314230,47141.693219323766
COL_314308,25717.59449305733
COL_314419,28897.00779350109
COL_314536,56773.99400564474
COL_314628,62340.405540550564
COL_314746,45748.172089947526
COL_314818,56519.799679609336
COL_314821,56519.799679609336
COL_314859,32318.300112879006
COL_314860,69191.4210482042
COL_314899,74349.62842776345
COL_314907,50567.50509144439
COL_314997,45035.137994072174
COL_315015,151858.341273357
COL_315135,36199.13414953068
COL_315502,61330.339357314966
COL_315578,57788.279982487846
COL_315599,39490.205143271014
COL_315602,28398.49932385765
COL_315621,73198.90665659796
COL_315652,175774.0264270231
COL_315673,492250.6556633224
COL_315724,18781.99508097316
COL_315806,12786.09876641117
COL_315970,76353.79945209093
COL_315976,31506.706515804788
COL_315977,38910.94085124871
COL_316014,48824.957730985654
COL_316015,55711.640070057925
COL_316017,46885.62421394372
COL_316021,40122.867841519575
COL_316022,36472.76894082084
COL_316023,46422.90342622857
COL_316024,48575.27664609803
COL_316025,54378.77286722787
COL_316150,39553.352720102004
COL_316180,59814.44496938315
COL_316181,55319.28517475611
COL_316289,42194.21459336058
COL_316308,34578.040060240484
COL_316323,29977.55853363216
COL_316387,37493.33936844759
COL_316388,37493.33936844759
COL_316389,52874.547453619845
COL_316390,39440.77714362657
COL_316392,37268.570414734786
COL_316423,60399.68822672207
COL_316446,43117.41550681078
COL_316448,61868.752259727335
COL_316562,53414.44407383916
COL_316629,52225.78505042893
COL_316720,51680.44819493569
COL_316897,180382.1830640277
COL_316942,51943.53697769547
COL_317174,43744.35651760739
COL_317405,58906.61965950572
COL_317423,40559.656129758296
COL_317789,33071.91847964278
COL_317930,97813.2830194675
COL_318181,55428.66989818584
COL_318209,93607.14629875448
COL_318336,26690.015390944754
COL_318357,72890.47041397923
COL_318384,53951.98449799669
COL_318425,71088.08937547202
COL_318499,14401.612534471747
COL_318575,57998.7806794559
COL_318696,59468.19019012382
COL_318698,454117.40760896425
COL_318712,55484.31097544468
COL_318765,49057.14207915299
COL_319064,63749.274431197606
COL_319104,53927.23466737351
COL_319163,56901.641856908056
COL_319251,46217.23973115514
COL_319500,54826.910052438085
COL_319542,176001.27180893184
COL_319671,37870.50907083802
COL_319675,122985.45352559246
COL_319987,43986.11780528745
COL_319998,27729.137480042315
COL_320000,27729.137480042315
COL_320001,27729.137480042315
COL_320028,61968.16420694104
COL_320128,68009.97437770678
COL_320171,18027.109762193304
COL_320291,58976.886001892526
COL_320376,121919.16060552848
COL_320430,30397.61795757387
COL_320446,30979.89930505071
COL_320452,41647.576255068896
COL_320470,35485.048421015556
COL_320478,40104.53935578308
COL_320498,49304.56134262476
COL_320518,45057.66313416783
COL_320693,49062.64157301539
COL_320824,115236.4461805309
COL_320905,22851.7788126372
COL_320942,106268.95293486134
COL_320966,37961.16035543006
COL_321061,98695.24098740546
COL_321088,83965.3268906656
COL_321099,64976.92090281048
COL_321128,265846.2414258953
COL_321407,54018.93386733081
COL_321417,80965.10311232937
COL_321427,82105.4782929379
COL_321474,48499.9207329863
COL_321621,38953.21616284844
COL_321670,57171.98960082225
COL_321677,37241.05770927147
COL_321820,36847.27127803068
COL_322106,46829.61079928993
COL_322266,32515.03952403133
COL_322288,66428.65488570985
COL_322290,58755.15139235221
COL_322311,25999.221222710283
COL_322356,66958.47070451648
COL_322378,25932.6379582837
COL_322380,39617.92686729792
COL_322428,83594.23758885876
COL_322436,50779.76722898937
COL_322462,52356.05992162777
COL_322463,42874.32830498225
COL_322511,76155.44052772419
COL_322568,62394.970416203105
COL_322595,23586.64376590009
COL_322623,23978.592258703615
COL_322624,89934.55068645909
COL_322665,46280.29637346824
COL_322676,71922.28661672413
COL_322749,36797.240714499356
COL_322954,51430.627472602464
COL_323025,49224.50789372966
COL_323034,44775.33268648706
COL_323061,29166.909756472414
COL_323075,20597.002020815908
COL_323078,70475.9808128959
COL_323084,78927.19086733791
COL_323247,45719.9541318792
COL_323258,57873.6349743899
COL_323261,79359.27346123672
COL_323330,64831.58181152763
COL_323355,76994.03873476243
COL_323590,32667.545868529527
COL_323647,43230.18608909237
COL_323671,67819.61959214551
COL_323683,459157.9245330285
COL_323882,49771.06646408419
COL_323938,91904.14098601848
COL_324197,132577.129858423
COL_324268,51803.95600045669
COL_324269,53121.58581804093
COL_324455,96923.17846390953
COL_324459,80384.62395609339
COL_324622,63860.01993206263
COL_324655,26968.111236378238
COL_324779,22114.62676648592
COL_324786,118823.6351695363
COL_324787,117395.61783781687
COL_324926,50450.65756126301
COL_324927,70734.1011366134
COL_324936,23316.625887433995
COL_324940,269774.37937926373
COL_324941,46371.45947238436
COL_325131,75635.81163280689
COL_325182,25929.7668116509
COL_325196,46403.62710096571
COL_325210,36165.541658675545
COL_325348,53763.5624467767
COL_325392,58882.85114998202
COL_325405,59685.294677263184
COL_325545,263329.8437821679
COL_325588,61034.72697824037
COL_325648,61823.700810407034
COL_325649,68711.78993368156
COL_325650,53159.93816709822
COL_325651,71484.27569126392
COL_325652,53159.93816709822
COL_325653,59584.56135506177
COL_325696,93612.98808996603
COL_325699,38811.592672859304
COL_325703,41944.55056158785
COL_325707,40156.27851229581
COL_325847,72721.5599116218
COL_325884,32579.84705110378
COL_325904,66074.90267641754
COL_325905,41557.26348036051
COL_325942,68472.7665902798
COL_325998,192956.67809829922
COL_326043,43175.52684367586
COL_326045,44013.725530275835
COL_326068,53990.10746508851
COL_326108,79178.21631937008
COL_326130,98082.45096492188
COL_326171,79378.64313070872
COL_326268,53827.106575741724
COL_326466,52570.445641454775
COL_326531,60231.60099639804
COL_326680,66620.366987652
COL_326753,57450.246101042976
COL_326804,63606.10677587491
COL_326997,34055.45038180043
COL_327062,41488.88553035224
COL_327071,57454.12768213226
COL_327138,49861.93630233566
COL_327471,53124.82981913328
COL_327568,35255.43887871578
COL_327627,51861.55633389182
COL_327732,33919.38269690551
COL_328038,118823.6351695363
COL_328039,119433.20059372055
COL_328086,41403.471491145705
COL_328127,80363.07581086733
COL_328128,54630.65669936462
COL_328240,38422.63805330333
COL_328284,52172.38874516937
COL_328358,30901.768887135593
COL_328408,56505.09447014779
COL_328598,32283.11650280054
COL_328785,52041.951990517104
COL_328832,63757.66691749742
COL_328912,43581.37910746821
COL_328916,37614.59957519275
COL_328952,33161.923565030644
COL_328998,51250.912677655615
COL_329153,55447.793673039974
COL_329196,81150.7746494174
COL_329239,63877.48432131394
COL_329262,69895.72960461161
COL_329356,21224.37305881129
COL_329509,82735.18407177411
COL_329554,46679.49587470032
COL_329557,39129.71015788422
COL_329663,38504.21814837488
COL_329708,48677.267032554686
COL_329757,29168.60772558919
COL_329828,73458.42533157601
COL_329829,32557.112571955047
COL_329857,56430.672374001646
COL_330022,42243.72158661773
COL_330075,35964.458845841684
COL_330085,49029.54931452953
COL_330199,155758.65325379162
COL_330234,37595.45143046621
COL_330254,71080.8559182419
COL_330260,66160.69893955516
COL_330277,92556.90578208445
COL_330324,57102.87225357735
COL_330335,46246.567777220895
COL_330474,37844.43670905647
COL_330477,58867.75191298762
COL_330553,75438.21941791105
COL_330624,29756.554514186413
COL_330666,39864.25511066126
COL_331046,102243.06311946332
COL_331047,44828.60371897822
COL_331049,33849.692435067205
COL_331062,162124.72720243252
COL_331205,187800.47202311805
COL_331263,46072.23736651869
COL_331270,47513.60081381417
COL_331278,64393.061859746456
COL_331289,65137.95142869851
COL_331365,92978.50463023824
COL_331412,81067.2043485737
COL_331441,55559.79842978983
COL_331442,54671.191700778334
COL_331466,44723.09039308349
COL_331559,45543.99466316079
COL_331572,62968.05763453536
COL_331601,48042.33255989564
COL_331762,34995.22580657587
COL_332006,48006.93757348696
COL_332433,52203.00274194444
COL_332669,-9746.956404266237
COL_332717,44936.51781342451
COL_332726,43956.269899711275
COL_332856,54693.9648173887
COL_332908,234235.28289227976
COL_332909,217943.42567542926
COL_332910,217943.42567542926
COL_332939,67272.58410965506
COL_333190,234235.28289227976
COL_333309,85181.84268345333
COL_333329,66572.22188237474
COL_333350,44819.5952054827
COL_333390,45299.23716457678
COL_333472,63764.70190949139
COL_333473,139333.5089692592
COL_333518,36553.48428742509
COL_333530,46236.67136397442
COL_333545,154222.60875255876
COL_333556,45161.76150399559
COL_333576,38098.92038633703
COL_333736,46540.17040677493
COL_333788,63661.15889173634
COL_333866,33269.627174999914
COL_333867,30957.709369189302
COL_333928,57610.19696716922
COL_333957,29436.79996074194
COL_334037,77676.54575776577
COL_334047,67981.34261059263
COL_334091,266677.79839743074
COL_334183,45458.89911807297
COL_334229,51183.940954088386
COL_334288,160903.00276966082
COL_334468,70120.71466305877
COL_334548,42813.07389906019
COL_334639,53884.12636351534
COL_334741,53033.51112886233
COL_334989,51842.04760221858
COL_335047,47612.520702946575
COL_335092,37163.93877101644
COL_335505,87300.0711644127
COL_335523,23084.19843068388
COL_335574,73264.41368502364
COL_335589,47944.31012273655
COL_335708,74363.60996738041
COL_335714,85172.37092858914
COL_335836,52584.14773309521
COL_336093,54642.6770848431
COL_336095,95203.62435190642
COL_336259,109367.97433836573
COL_336264,40340.39080705495
COL_336267,43341.161056042496
COL_336462,139795.58012545248
COL_336493,53771.44909737404
COL_336495,40718.91090843291
COL_336499,75855.45649786308
COL_336531,25836.471431434766
COL_336685,61321.91966148567
COL_336736,81453.53415001478
COL_336855,33894.247906403514
COL_336874,57335.27785794216
COL_336932,35875.74803617529
COL_336963,78645.01752700884
COL_336967,59831.09377501364
COL_337195,97370.59935634548
COL_337254,72928.92823404852
COL_337273,118566.09272259673
COL_337309,41080.84471688117
COL_337318,48783.02904896333
COL_337346,30258.020432610847
COL_337386,53410.76365656856
COL_337590,22861.556598928677
COL_337593,33447.87387947276
COL_337666,57769.20674087132
COL_337681,69981.24886125838
COL_337895,44330.62692887059
COL_337901,74811.34559796583
COL_337971,70063.4791360118
COL_338002,42721.6893806273
COL_338038,55884.57396516639
COL_338039,54859.0580980639
COL_338276,42627.15211637646
COL_338279,45371.76388807908
COL_338421,22845.591601861983
COL_338506,42134.197760632174
COL_338557,38926.81700586122
COL_338558,31183.050435580415
COL_338559,38926.81700586122
COL_338560,36839.657752580344
COL_338561,32766.64123759158
COL_338562,42227.93083582581
COL_338607,58840.10986195059
COL_338609,41972.6931671593
COL_338673,37780.33913894522
COL_338850,16703.002380024747
COL_338864,67764.92582333235
COL_338944,54796.636280888364
COL_339089,92370.01549734546
COL_339113,49823.23430493948
COL_339428,31436.85828883347
COL_339440,35481.655654876515
COL_339645,18490.570720699838
COL_339657,43511.18677323232
COL_339727,84140.01621919796
COL_339728,84140.01621919796
COL_339729,99135.88506732412
COL_339772,79817.78097491732
COL_339793,58690.07925263086
COL_339822,20599.700110990365
COL_339866,27904.194484816617
COL_339878,70482.5560383095
COL_339889,48868.82072002351
COL_339893,40473.654688592585
COL_339912,73932.36660883692
COL_339987,44889.32286970688
COL_339993,93890.34938824661
COL_340011,47427.51448790005
COL_340117,93635.834186598
COL_340369,41946.700048134604
COL_340447,89019.60883792696
COL_340462,81944.64093706034
COL_340506,41397.37986583779
COL_340519,70898.15771452177
COL_340520,54080.850562226806
COL_340521,36741.657373436814
COL_340655,575465.5480422821
COL_340657,50817.31087148505
COL_340794,182567.1792728459
COL_340796,57291.26183760533
COL_340898,148094.86482069697
COL_340975,34458.00256847442
COL_340994,61795.415368258946
COL_340995,52192.566724376695
COL_341014,50709.297668560146
COL_341069,214127.59595347333
COL_341070,35007.233525335316
COL_341184,44794.0978396244
COL_341212,40442.699816040295
COL_341220,52493.853676627084
COL_341237,48812.83517587456
COL_341310,114856.04560910261
COL_341351,56034.67811129395
COL_341414,74902.71699097693
COL_341465,55081.012167398665
COL_341487,25920.80152089312
COL_341496,90069.74541838076
COL_341683,55761.75372630518
COL_341692,30327.41148545929
COL_341722,61042.63046379627
COL_341744,89374.33294339395
COL_341762,23144.458660869608
COL_341805,47284.06283703216
COL_341889,49965.07223414292
COL_341936,61271.392641909966
COL_342040,67947.23754395724
COL_342111,59708.54591335012
COL_342208,50163.44648294506
COL_342209,36645.60052957128
COL_342211,55506.13046326697
COL_342212,36449.36001656959
COL_342258,53018.50813776029
COL_342326,102901.12107661013
COL_342405,46119.930105519226
COL_342407,55977.11655341097
COL_342425,56162.19232344686
COL_342426,57648.73216129558
COL_342438,84923.88014265453
COL_342505,135216.4147311449
COL_342623,36056.298122669126
COL_342714,69081.48890764193
COL_342734,38443.60076162331
COL_342947,50935.00682439792
COL_342948,61705.51599456322
COL_343030,46137.54962827794
COL_343036,54454.27520588255
COL_343039,24193.432116868076
COL_343047,68884.96651020757
COL_343070,28521.542560909853
COL_343169,180534.44970919637
COL_343269,60496.41622877886
COL_343324,59218.35165069403
COL_343430,47942.91558020161
COL_343527,49493.804787252986
COL_343636,44099.07871753781
COL_343649,50002.011041509744
COL_343852,37733.193244387076
COL_343866,71988.7040784681
COL_343993,74512.06840575095
COL_344179,31727.981163790035
COL_344278,96006.57420767061
COL_344298,20087.80909244535
COL_344312,66202.77780550144
COL_344350,53197.023000143156
COL_344578,57375.11852363191
COL_344772,56547.25019912054
COL_344807,52479.09760784411
COL_344844,48311.64257372433
COL_344845,51995.95940186565
COL_344887,37410.726782552636
COL_344960,44787.51606556422
COL_344969,352781.94407684065
COL_345017,32834.04459170252
COL_345055,39326.89230569505
COL_345062,120540.81282647212
COL_345102,75544.90373183413
COL_345117,72558.38139274309
COL_345119,132289.4194977959
COL_345171,112780.05490744105
COL_345187,78271.47155126662
COL_345195,286839.6398047245
COL_345287,46493.77019355937
COL_345351,52728.76812788148
COL_345558,30777.08134451506
COL_345594,70993.90391745108
COL_345718,67926.71681481242
COL_345723,37736.27971701574
COL_345736,68191.97570535642
COL_345839,58172.357924402866
COL_345884,36693.35483599288
COL_345971,27931.29046464616
COL_345996,37972.00120199555
COL_346013,203809.64830487577
COL_346015,158917.39566659552
COL_346208,52255.48029451873
COL_346276,46575.05739911233
COL_346296,48855.81456745027
COL_346516,36805.92429096739
COL_346518,43780.4075381003
COL_346522,140824.1464920938
COL_346623,88721.10006961762
COL_346677,179106.35597842073
COL_346698,23109.584087573174
COL_346776,72304.35910379759
COL_346813,48929.27009949429
COL_346829,42033.01669137715
COL_346974,58543.44114869463
COL_346975,56322.59646551787
COL_347000,52281.89236071639
COL_347011,45718.78418256329
COL_347186,46499.31599836272
COL_347284,44666.75210694498
COL_347293,52085.53081501194
COL_347332,49547.761157354595
COL_347353,50371.674676904164
COL_347436,119856.76735247258
COL_347488,61659.549102757424
COL_347618,90484.4152785336
COL_347620,36597.98415994361
COL_347621,75405.8950671612
COL_347634,51845.41729090814
COL_347686,75103.47150257589
COL_347694,48316.39697252301
COL_347737,67293.77504123599
COL_347777,79684.01960742295
COL_347852,45852.143441405875
COL_347970,32176.160007206574
COL_348009,37366.73460756122
COL_348076,165983.42252529398
COL_348077,141358.91354636164
COL_348272,86347.42977256562
COL_348274,38145.05399549958
COL_348275,33303.87083299415
COL_348278,26037.387546350805
COL_348281,65519.20149399828
COL_348383,62202.814684691555
COL_348436,54521.490544660744
COL_348447,29923.5959899937
COL_348483,37531.399466459035
COL_348681,51562.514661942616
COL_348731,48796.98106567802
COL_348733,48482.40162753841
COL_348757,30319.732567613457
COL_348893,30778.321189004357
COL_349002,157911.60679095297
COL_349029,88307.87891779865
COL_349110,39975.22230495619
COL_349213,45577.58772140021
COL_349214,53503.75366043371
COL_349215,50711.73431311183
COL_349216,65796.64388061462
COL_349601,36640.85164009446
COL_349602,34519.58755202297
COL_349643,39339.27261623578
COL_349719,120514.65147014806
COL_349774,59317.29967335865
COL_349777,41060.933317252806
COL_350115,36734.42028915348
COL_350169,48993.059591867546
COL_350175,81068.07916389774
COL_350245,52468.06227575748
COL_350246,52508.549555745834
COL_350338,47715.02627653986
COL_350353,31670.351192696355
COL_350357,101717.57326655975
COL_350456,69288.51470523867
COL_350457,31699.65666989614
COL_350458,64771.49060344869
COL_350459,73801.98086871114
COL_350476,47921.18214859258
COL_350497,733618.7486190218
COL_350564,685693.0537297337
COL_350594,48461.747424115376
COL_350743,56809.8427489748
COL_350761,222660.83285310693
COL_350762,235646.38160429467
COL_350764,171969.84163722917
COL_350784,58719.264779643774
COL_350851,44926.951334449775
COL_351049,63823.661046229616
COL_351088,759795.8819760492
COL_351213,64930.73229604771
COL_351274,85100.75338026887
COL_351380,39091.400334060316
COL_351688,46218.78914933928
COL_351715,50819.603468725116
COL_351762,58058.27182764088
COL_351901,39186.70685267615
COL_352368,106268.95293486134
COL_352392,49259.93380996005
COL_352397,42967.255753288686
COL_352422,113010.79458572081
COL_352637,35643.08310507706
COL_352991,53358.820724312485
COL_353024,69925.12991377423
COL_353028,18149.2720124135
COL_353059,40056.442041535876
COL_353225,79171.00838190188
COL_353243,29977.55853363216
COL_353323,20621.081352015313
COL_353376,46244.316672569796
COL_353452,53878.92200132174
COL_353740,44759.038302176385
COL_353741,78291.01242899409
COL_353798,39526.077254677446
COL_353848,74971.99168762121
COL_353860,28398.49932385765
COL_354005,58943.229210459445
COL_354013,114273.62087604891
COL_354017,67432.73942601659
COL_354058,95536.94845654888
COL_354370,65715.73157606565
COL_354379,45197.0698707814
COL_354384,39718.58689311135
COL_354401,39577.903179229615
COL_354414,44839.974379750965
COL_354422,56120.487142978556
COL_354535,-5146.474665511702
COL_354630,46484.481435015885
COL_354696,61330.339357314966
COL_354775,65676.62100907028
COL_354795,29588.703921365926
COL_355174,35610.74605318867
COL_355178,30662.77560926169
COL_355241,75412.23159272436
COL_355242,79391.3032217061
COL_355332,68016.82015615307
COL_355356,96883.75148418485
COL_355412,31219.354287289694
COL_355457,50705.01616263579
COL_355532,28053.896773563498
COL_355579,199496.80651970534
COL_355627,55914.31536488458
COL_355640,141801.14190768302
COL_355642,59950.12712639535
COL_355643,54229.86134184959
COL_355644,70205.89620782604
COL_355702,65426.99759602023
COL_355851,40210.456711046376
COL_355942,24075.922186606975
COL_355991,68540.86242712179
COL_356015,44558.845586200376
COL_356199,55363.95862196813
COL_356201,82390.6713927019
COL_356441,749317.6670067693
COL_356469,39397.48186742544
COL_356497,52317.171734670024
COL_356528,68861.66640968443
COL_356531,85181.84268345333
COL_356616,38490.90783820746
COL_356638,51350.713695352075
COL_356826,44433.72325772891
COL_356832,89880.32992158072
COL_356954,48142.5682195111
COL_356964,12328.946385617197
COL_356974,34812.107085318064
COL_356984,25965.7606868091
COL_356999,40222.97100710746
COL_357040,79068.91209862025
COL_357043,43948.91136210661
COL_357044,42161.06992502526
COL_357159,56453.24296378785
COL_357177,78322.30199871687
COL_357179,65285.95478979933
COL_357180,68865.20579725322
COL_357214,32504.3316969591
COL_357243,103859.20781574513
COL_357294,179343.85371210863
COL_357296,63253.430419267235
COL_357328,25039.579905850962
COL_357329,22450.28773869117
COL_357331,23270.983222594223
COL_357591,41477.54460640371
COL_357674,50208.04724153223
COL_357819,50102.87513867567
COL_357939,40807.43331109032
COL_357974,116002.08214286431
COL_358084,62687.284024191096
COL_358132,77898.1908839216
COL_358232,54107.497909426645
COL_358276,62098.108069073925
COL_358345,97165.1205431064
COL_358346,69331.26879024417
COL_358399,187447.91805214845
COL_358409,53941.146629113355
COL_358650,55445.44437021769
COL_358680,34818.09314593945
COL_358681,47222.334602821174
COL_358684,74742.32735282091
COL_358785,47731.364055434875
COL_358809,47953.168893508904
COL_358838,53469.82198931359
COL_358860,30864.540483474408
COL_358903,15557.238229835944
COL_358918,60534.02368472287
COL_358919,67869.75319289626
COL_359017,137790.44060510313
COL_359184,69742.41380015599
COL_359231,23130.54100393186
COL_359287,63778.238096780784
COL_359445,51808.74128349091
COL_359491,70358.21945581344
COL_359659,111888.5667237303
COL_359709,30473.432807400255
COL_359737,60691.583931548834
COL_359790,46424.60281759829
COL_359919,45644.12837491195
COL_359952,39975.50513187611
COL_359998,9528.070698658914
COL_360122,58584.64443885839
COL_360130,46250.67740885737
COL_360208,35162.922665713246
COL_360271,57226.037173796634
COL_360276,41222.725493640675
COL_360277,38852.00253852212
COL_360356,57942.35052857481
COL_360445,50638.948118508066
COL_360564,23130.54100393186
COL_360668,40601.51808627441
COL_360703,53680.78625467387
COL_360822,81323.35732071516
COL_361154,79612.43218035481
COL_361255,98522.29637130482
COL_361394,77767.2521579798
COL_361459,38581.52089969134
COL_361605,48698.21133649082
COL_361689,37191.22859214613
COL_361827,50252.486778762126
COL_361842,49550.90441255015
COL_361905,248610.50188935085
COL_361973,211596.52456765488
COL_362013,146544.14123318184
COL_362046,-430.9191959049858
COL_362150,49528.89257035778
COL_362151,52959.07685488956
COL_362152,29368.305072430707
COL_362153,54049.21790405387
COL_362154,32163.349804859085
COL_362229,39732.420891480004
COL_362246,242835.34608515722
COL_362248,257934.2370112457
COL_362262,53741.277240976575
COL_362294,352184.9149751458
COL_362348,55079.77444078134
COL_362497,96883.257655442
COL_362498,84735.67092997501
COL_362499,70144.29787007296
COL_362500,92570.75978258906
COL_362501,51789.63229657721
COL_362502,39695.17858273567
COL_362503,51860.292298410735
COL_362504,68072.7055148607
COL_362505,71710.68564268947
COL_362506,78504.8531804525
COL_362507,60565.055764906174
COL_362508,79377.59395268792
COL_362583,54306.43603469972
COL_362707,35405.22977491052
COL_362717,46798.8594840598
COL_362999,42665.35499484191
COL_363073,44139.45714911774
COL_363180,29561.031203480856
COL_363332,25818.001043074866
COL_363375,69568.78249552165
COL_363376,55711.05452632839
COL_363408,50961.83944532199
COL_363479,34834.32006038157
COL_363480,52468.74258852005
COL_363826,61256.28592169031
COL_363911,44339.512748978086
COL_364047,111551.69268296486
COL_364051,56819.17163262967
COL_364053,44556.330531060674
COL_364201,36427.19541787906
COL_364302,60987.154711539304
COL_364411,52469.80793055323
COL_364507,59959.048884040494
COL_364716,66958.47070451648
COL_364810,64983.28050279851
COL_364830,43502.07651466406
COL_364885,31711.4158223703
COL_364889,44957.86022292043
COL_364994,49726.25894892334
COL_365066,73586.83096785539
COL_365439,41389.52042074788
COL_365528,60081.20440807199
COL_365550,34718.3837125057
COL_365615,265846.2414258953
COL_365632,176726.1314251038
COL_365671,20702.064622560054
COL_365899,98546.236342441
COL_365987,91904.14098601848
COL_366038,72891.6166633561
COL_366048,93124.33908855129
COL_366184,46019.54974882738
COL_366254,165561.3740640999
COL_366349,56454.32559337328
COL_366512,46355.41976608076
COL_366696,91657.70855464994
COL_366865,35740.34177370956
COL_367190,39067.34393729874
COL_367202,91392.00759401581
COL_367213,35540.97382889811
COL_367229,43501.18796352875
COL_367256,38203.2144562113
COL_367288,80015.18748187456
COL_367318,82549.86417346417
COL_367362,57030.24336902557
COL_367381,16211.746423762974
COL_367407,45904.745984440604
COL_367515,31669.066732686544
COL_367614,32338.27704974258
COL_367646,30622.649259761416
COL_367648,45805.82314013525
COL_367807,78343.4325810726
COL_367808,78123.58227398022
COL_367889,58375.35269812332
COL_367998,69312.68321233185
COL_368007,122540.46243904541
COL_368014,47866.85730749935
COL_368023,42895.465412015285
COL_368040,46795.834111509546
COL_368045,57683.17005127998
COL_368104,76025.26017238658
COL_368389,32185.963607232905
COL_368391,53978.31253809938
COL_368397,32185.963607232905
COL_368411,26894.01334934825
COL_368415,58372.282833857294
COL_368444,64251.92214792725
COL_368452,60048.25860000001
COL_368453,57769.20674087132
COL_368606,47520.98376936302
COL_368697,81605.05108858498
COL_368754,30336.587293174984
COL_368783,34397.65444356791
COL_368824,69393.24158183452
COL_368829,69308.17696682148
COL_369107,40127.878269103894
COL_369112,54808.34504401789
COL_369173,46821.16925203259
COL_369210,27822.602337879678
COL_369256,40952.61848335578
COL_369278,41976.15023711227
COL_369313,180534.23797175457
COL_369325,44433.52930127475
COL_369342,54480.94297378438
COL_369376,61709.18904777831
COL_369391,36683.48567508635
COL_369476,44339.512748978086
COL_369546,31810.26094264753
COL_369589,34895.65702320962
COL_369645,49306.00895029429
COL_369668,67687.26986848719
COL_369718,90594.93507796034
COL_369721,95765.46268624414
COL_369751,63771.24830531666
COL_369882,74278.3318753841
COL_369926,44422.8289762644
COL_370048,48960.85214688252
COL_370103,98546.236342441
COL_370147,57542.55170817946
COL_370197,129395.85721451715
COL_370225,39844.584620017806
COL_370443,52640.01192084089
COL_370450,24061.91124435156
COL_370459,212528.2911861197
COL_370464,57027.39648867307
COL_370662,58755.15139235221
COL_370698,51259.991322913316
COL_370735,63832.021475595706
COL_370805,56774.44765604472
COL_370808,55928.193944140374
COL_370830,58964.52657413184
COL_370924,54431.18658648922
COL_371007,28683.36239628996
COL_371017,69380.10470871763
COL_371052,56577.3900377408
COL_371053,56827.511707015314
COL_371091,66697.35144923138
COL_371132,50873.27919493667
COL_371154,30032.181589401454
COL_371167,28290.531765151776
COL_371424,79192.21802760162
COL_371437,60013.427015630965
COL_371438,40307.67236454038
COL_371439,40307.67236454038
COL_371519,84279.97786200827
COL_371520,68163.68749044374
COL_371524,60318.53953599338
COL_371544,52467.38226930072
COL_371597,192182.18579585498
COL_371613,52709.784642100596
COL_371651,172512.06917842262
COL_371663,224549.92229438308
COL_371669,144805.15034310968
COL_371678,77590.09017327828
COL_371685,45120.665862289636
COL_371692,68540.86242712179
COL_371738,41679.91298165043
COL_371773,131183.05715916114
COL_371787,71937.53950998343
COL_372293,83297.06968570544
COL_372323,43513.19439916171
COL_372367,38231.635827346065
COL_372424,38997.07303468315
COL_372425,45191.93497090965
COL_372443,295069.3950250789
COL_372456,71973.86872019482
COL_372498,65076.71619676829
COL_372559,29805.3413881219
COL_372561,36399.19930263945
COL_372592,86622.33101348803
COL_372593,51217.11609804533
COL_372603,147562.7791656245
COL_372619,27140.32204023443
COL_372713,46858.57976519974
COL_372777,64311.82692658939
COL_372803,74403.45782507672
COL_372841,104781.1059272654
COL_372873,43113.43685844056
COL_372875,80144.34560797182
COL_372902,65246.794433933326
COL_372920,62540.66690725495
COL_372930,459550.17158328363
COL_372932,115226.20301995383
COL_372945,115146.52453485758
COL_372969,55438.86066111226
COL_373027,42817.18177466781
COL_373071,58044.56698057724
COL_373075,82588.5356036919
COL_373101,56068.105063623865
COL_373105,57888.3418798145
COL_373106,57548.87523436455
COL_373107,55732.51056636609
COL_373108,55691.72128736529
COL_373180,40674.66776313547
COL_373195,241456.0421253669
COL_373197,237623.52474035838
COL_373289,64251.92214792725
COL_373291,29323.629170110464
COL_373414,28933.877787811685
COL_373415,48026.99156956347
COL_373441,103799.952719733
COL_373467,67061.07301717592
COL_373522,64038.620819615
COL_373627,52946.759864703556
COL_373675,314880.31710819533
COL_373917,48247.27033567943
COL_373938,292590.11690837576
COL_374058,42164.831178707165
COL_374154,201099.97398477545
COL_374182,78927.19086733791
COL_374183,79359.27346123672
COL_374232,59364.07110094101
COL_374272,84536.86010444755
COL_374299,35116.22132753864
COL_374416,25011.247390273486
COL_374494,39662.115611855785
COL_374515,58066.735869728436
COL_374570,69187.56335900647
COL_374858,30974.211801207446
COL_374867,47690.60765621388
COL_374899,53272.9193299905
COL_374955,40356.62075987922
COL_374975,54356.279905206604
COL_374997,40919.23776382713
COL_375026,30614.804185234898
COL_375033,29388.00913659919
COL_375103,63131.70743120986
COL_375118,41974.81442481684
COL_375119,81605.05108858498
COL_375120,76546.15206184548
COL_375121,66744.20462551012
COL_375183,42047.12787468062
COL_375452,56184.62575310535
COL_375463,56010.74092102239
COL_375672,42892.59773512335
COL_375673,32002.27732746478
COL_375716,95863.78330275866
COL_375781,24148.799962629917
COL_375859,41134.045317426004
COL_375888,57731.45082705277
COL_375893,250267.20943453908
COL_375899,34612.36955621011
COL_376021,33124.3360873991
COL_376102,268982.57651194785
COL_376206,39327.48497327669
COL_376211,68303.52804275902
COL_376366,163506.73235215637
COL_376367,126011.71975598465
COL_376368,62454.30950787537
COL_376405,67743.60678090809
COL_376443,167796.28856216412
COL_376475,58079.89696957203
COL_376477,121928.95258661984
COL_376499,133659.1811813257
COL_376500,175994.03611873984
COL_376524,43407.764834953785
COL_376613,25079.072347790472
COL_376661,78235.02594145524
COL_376674,52424.27884597781
COL_376690,28860.468350859148
COL_376712,51748.633301063106
COL_376778,27471.832347635962
COL_376800,41265.8568051308
COL_376801,39552.29581275773
COL_377066,-4450.064639976428
COL_377074,49559.88331827573
COL_377093,50030.01126338044
COL_377113,11064.603820024176
COL_377118,62787.32528119786
COL_377131,72948.29301809422
COL_377356,56754.015631195936
COL_377543,20825.7776335767
COL_377546,20033.622153420845
COL_377548,51071.40069225115
COL_377689,202605.07137669597
COL_377713,95687.28348496724
COL_377714,89996.29025674314
COL_377715,38673.23189081961
COL_377731,114610.3949501746
COL_377732,289803.649980105
COL_377910,57359.842026649785
COL_377931,39170.03941824784
COL_377977,4511.2572640577155
COL_378088,33503.06821025302
COL_378144,46307.74189968394
COL_378155,19355.150598249806
COL_378170,56274.839595877704
COL_378178,46573.04174863839
COL_378194,54425.2214450288
COL_378195,53867.32464793649
COL_378227,33045.21817342418
COL_378236,59990.96908510859
COL_378342,70482.5560383095
COL_378364,33056.352609933114
COL_378406,46204.00370116079
COL_378444,46821.16925203259
COL_378460,50539.634327113425
COL_378506,41934.44988795988
COL_378544,11769.755102647741
COL_378740,41016.44708549476
COL_378743,33472.30160137742
COL_378846,32488.24151329645
COL_378872,44535.307538908826
COL_378873,187344.14243666493
COL_378880,61308.64754156999
COL_378885,29315.263032126823
COL_378904,36671.09527564563
COL_378971,79027.81110841765
COL_378972,85970.28670788705
COL_379131,40830.46831273258
COL_379199,26898.365868619912
COL_379283,40891.09371759604
COL_379294,32006.788268796397
COL_379338,59146.52565844729
COL_379341,81968.82355419216
COL_379374,233725.46734876683
COL_379401,54361.21580549262
COL_379549,49738.52703416467
COL_379551,37215.39828709433
COL_379552,76089.59935097088
COL_379553,84450.84265386498
COL_379554,76089.59935097088
COL_379555,75288.62923686404
COL_379572,100673.54962606746
COL_379670,18444.92234382466
COL_379673,47189.03607899204
COL_379680,74029.41266667457
COL_379744,50339.73193292039
COL_379766,31641.283345853615
COL_379823,36268.51551447673
COL_379827,53908.30797962269
COL_379833,38382.65016602762
COL_379915,51261.84489642611
COL_380084,63383.12485788222
COL_380212,83455.76895843347
COL_380276,55610.74045068615
COL_380379,48124.33018872482
COL_380404,65671.63732366497
COL_380433,39186.70685267615
COL_380581,68555.01716051817
COL_380583,119088.73199702152
COL_380584,55370.38343589263
COL_380676,74811.34559796583
COL_380727,126916.63402922699
COL_380729,36357.72290029155
COL_380779,60940.999889734194
COL_380849,53404.694894991095
COL_380889,35439.600278389735
COL_380920,45083.2426805276
COL_380981,39304.73409735959
COL_381005,45071.19630483122
COL_381044,32043.73289745455
COL_381093,46087.04957567831
COL_381129,44647.494460369744
COL_381130,80672.45492551992
COL_381131,62401.60032785979
COL_381133,50021.45042587602
COL_381134,50968.12002184247
COL_381135,58535.30273996971
COL_381189,49461.721511442425
COL_381190,64484.71537304013
COL_381202,28260.514990603002
COL_381203,28962.160646324326
COL_381204,28962.160646324326
COL_381231,51081.18517650188
COL_381295,43465.15485004309
COL_381296,43243.388583410415
COL_381371,45437.34360077795
COL_381445,52584.14773309521
COL_381470,21840.347243764994
COL_381567,65828.59801645666
COL_381672,43969.5862993937
COL_381741,27353.76566166377
COL_381885,63735.37021806329
COL_381909,49641.68092384279
COL_382242,63618.671287270336
COL_382342,52319.81063945069
COL_382345,35429.74971975326
COL_382539,49735.60681847789
COL_382709,54910.748242292764
COL_382788,28867.4741512056
COL_382792,87803.66678728539
COL_382995,17466.906225658684
COL_383020,44794.0978396244
COL_383043,25910.71115793261
COL_383046,82604.01031015004
COL_383264,300333.1644277371
COL_383272,38642.79141031709
COL_383299,69470.33540669821
COL_383308,42259.00076703438
COL_383393,48303.415206281614
COL_383454,56532.86303186695
COL_383480,60436.09339150232
COL_383482,31485.71692811894
COL_383558,78483.96540612898
COL_383684,58006.02467403052
COL_383726,31260.03700074309
COL_383773,99027.82851133354
COL_383810,44433.72325772891
COL_383855,68241.40061371845
COL_383866,65747.21595093978
COL_383966,112885.33533601149
COL_383981,28789.62629301042
COL_384006,48437.771258137465
COL_384016,35825.89809330965
COL_384022,40411.12161299886
COL_384106,113400.64316133027
COL_384116,370951.28637970396
COL_384222,295263.32155311835
COL_384231,50657.189801084125
COL_384295,91421.21564231285
COL_384325,61400.080549231
COL_384362,9698.834046395237
COL_384398,82393.62241097828
COL_384499,48773.06469975138
COL_384636,132190.7890612006
COL_384650,42033.66274123531
COL_384670,72924.60835412306
COL_384718,85100.75338026887
COL_384720,72030.17875700266
COL_384721,92411.66182209432
COL_384722,48670.66273768767
COL_384723,68889.22472653426
COL_384724,64530.465950003636
COL_384725,106006.51751299891
COL_384726,64047.54586323051
COL_384727,64530.465950003636
COL_384730,20947.47844782207
COL_384743,30036.543419341797
COL_384801,74068.35228402952
COL_384841,124805.68996118678
COL_384884,64918.76056535367
COL_384916,27231.13626359332
COL_385075,58294.62345520345
COL_385133,48213.5031212229
COL_385148,42262.35938742055
COL_385149,48751.867857952435
COL_385150,52408.23751603967
COL_385159,52552.543484613525
COL_385204,94731.94886909817
COL_385211,27444.15734341454
COL_385220,59053.99115044622
COL_385264,78867.46244515515
COL_385312,39463.93155852254
COL_385327,79058.79427289391
COL_385345,40145.13497270924
COL_385371,46978.589421731755
COL_385388,38014.07590149208
COL_385489,27788.057850147296
COL_385511,33246.05380117402
COL_385541,95973.92074035104
COL_385575,111088.19981372204
COL_385576,64652.52215672866
COL_385683,90210.13196234874
COL_385739,13800.693241918487
COL_385814,44798.047892066104
COL_385828,226627.57142218103
COL_385939,44939.95929747364
COL_386160,65614.28404694497
COL_386195,63573.095937037135
COL_386279,58798.399319847085
COL_386331,35951.79567614191
COL_386767,68184.94786392931
COL_386784,78377.02136107466
COL_386857,56034.67811129395
COL_386871,90110.34535271223
COL_386878,63756.36019731603
COL_386926,38241.090513064926
COL_386954,40104.53935578308
COL_387107,59168.494411074615
COL_387125,272.76188927165435
COL_387135,52677.21262417822
COL_387155,33280.298553375236
COL_387163,32376.333417680897
COL_387211,75345.55612660378
COL_387222,46295.59968012065
COL_387276,22753.343431286343
COL_387277,50261.70882935686
COL_387280,68562.87976277387
COL_387304,59449.032840154214
COL_387357,38036.12506207043
COL_387381,44205.98723621941
COL_387425,85940.94580405862
COL_387426,96483.72195574132
COL_387452,233599.8447401013
COL_387541,257543.23765557955
COL_387600,36302.63325290149
COL_387837,71735.9852359342
COL_387921,41519.9312174485
COL_387922,199452.89410003542
COL_387925,116436.98714768277
COL_387934,50168.86841336288
COL_387935,81116.0371136005
COL_387937,73859.89483250013
COL_387947,34812.107085318064
COL_387952,51142.41860885654
COL_388150,68477.73932828919
COL_388157,46295.749806933854
COL_388176,196815.73347258635
COL_388178,76053.37166740015
COL_388246,61027.50541900097
COL_388315,51584.65114682208
COL_388325,30720.41690099466
COL_388360,43754.284011906595
COL_388403,89244.2299355602
COL_388416,36194.47643204051
COL_388433,60495.31841793017
COL_388447,42458.256183437734
COL_388465,14756.651882465412
COL_388500,122878.6794217668
COL_388505,74512.06840575095
COL_388507,46887.850235389604
COL_388578,57426.445803834686
COL_388589,47416.943180223614
COL_388651,33060.060384702636
COL_388675,23102.60526237033
COL_388732,50192.44774798373
COL_388790,56851.484417636035
COL_388863,103082.99678228579
COL_388911,67325.78195115327
COL_388927,54106.99134225924
COL_388962,41448.49003300994
COL_388964,123343.22416829222
COL_389021,242282.14360029105
COL_389080,53287.57184553524
COL_389139,101362.46927897843
COL_389140,79785.74477715656
COL_389175,126444.02870471103
COL_389176,81492.52079660751
COL_389230,58131.28309353972
COL_389264,81431.53346129939
COL_389373,96990.89248727135
COL_389408,153934.41264662947
COL_389425,100278.84008319424
COL_389438,42548.73649805771
COL_389459,54432.5835118443
COL_389488,19496.508209005573
COL_389576,44331.38144710943
COL_389663,58355.0125979024
COL_389787,80600.01702857013
COL_389803,49889.334447228845
COL_389884,52611.550361877824
COL_389891,42993.00554880533
COL_389905,164011.73430399358
COL_390149,57755.42967300838
COL_390150,58855.667043150424
COL_390151,58855.667043150424
COL_390152,82052.28309427892
COL_390176,21079.74876581113
COL_390177,48707.58598274422
COL_390178,21079.74876581113
COL_390179,21175.134677800375
COL_390180,29413.900019808425
COL_390181,33276.828758253134
COL_390237,50016.182689231355
COL_390259,52982.21507014372
COL_390270,46548.971134586296
COL_390312,64631.110904253524
COL_390313,65036.430130557004
COL_390320,81563.71987689505
COL_390321,74402.68697995854
COL_390322,86984.26447672017
COL_390390,43776.16540412473
COL_390394,21919.371783760227
COL_390447,53679.91758903174
COL_390474,55473.99244206862
COL_390485,67819.61959214551
COL_390656,50463.45533828551
COL_390675,80744.71663579735
COL_390720,75884.6870407709
COL_390759,39885.80092751044
COL_390760,54597.571390436824
COL_390761,343528.68169926497
COL_391004,53144.25054503897
COL_391012,80416.56228732014
COL_391064,173155.39612907168
COL_391101,45265.18164186596
COL_391115,61006.0750890302
COL_391171,40735.88632918584
COL_391285,81598.45061087055
COL_391330,65418.79086281417
COL_391418,39186.70685267615
COL_391464,43997.65737959481
COL_391466,34302.21865203202
COL_391556,45646.43060447217
COL_391648,34478.57485952994
COL_391650,16478.384386235055
COL_391754,14913.51070871711
COL_392218,69795.39086067924
COL_392243,84798.35768787423
COL_392279,39971.21767248467
COL_392303,15029.97825637954
COL_392497,53288.072514884734
COL_392554,90701.08140626337
COL_392663,44843.38022280893
COL_392737,26086.076706820706
COL_392878,36833.16361591888
COL_392908,24078.895690238132
COL_393015,51555.01494864627
COL_393045,71036.99740516218
COL_393092,40438.10847770438
COL_393145,45448.711977355764
COL_393278,59648.51665306466
COL_393287,39934.452403743504
COL_393363,84603.99520659434
COL_393454,90281.53921445717
COL_393463,75303.75001934335
COL_393493,65948.14338265939
COL_393543,179421.29138237287
COL_393581,25946.283051753915
COL_393625,47651.41233709011
COL_393647,17631.786412593796
COL_393648,41843.07765404602
COL_393761,31071.676496144904
COL_393770,117575.59573042837
COL_393784,178144.7122469648
COL_393830,200385.7710321133
COL_393834,212340.77197692395
COL_393843,68297.47394853797
COL_393924,92720.89698220577
COL_393930,66591.60980425258
COL_393931,72070.26700812833
COL_393953,60852.66307467512
COL_394142,62574.37193359874
COL_394224,82489.83430785604
COL_394448,58755.15139235221
COL_394726,53820.21164770866
COL_394737,53450.04594191369
COL_394738,38228.05378472238
COL_394764,316152.3544169997
COL_394777,45446.1944302838
COL_394783,37179.35454541422
COL_394811,93265.79018265927
COL_394849,108085.66411352993
COL_394857,51031.89459917862
COL_394922,68089.00058883594
COL_394988,40233.195513332
COL_395063,115236.4461805309
COL_395135,57236.59084081523
COL_395184,65246.79689597377
COL_395191,22892.65160554894
COL_395196,55956.419621442765
COL_395197,46119.930105519226
COL_395209,50898.088312403444
COL_395214,32092.326589229237
COL_395226,66822.2228924333
COL_395281,171975.6983664189
COL_395296,45925.76370471885
COL_395344,64827.80592736068
COL_395573,46067.58713582349
COL_395574,41637.698217155405
COL_395608,45531.51042008763
COL_395713,32633.331426310146
COL_395714,44569.78311572888
COL_395715,38933.38233371713
COL_395717,53129.85672488389
COL_395718,54000.67842887184
COL_395771,53448.69787850897
COL_395816,323485.7202848974
COL_395841,10573.93139946675
COL_395898,58328.46357561984
COL_395904,97370.59935634548
COL_395929,51969.859406637814
COL_396047,179442.88828324733
COL_396072,61795.92759205584
COL_396104,262793.25033373013
COL_396114,28476.03977404994
COL_396161,19367.246730680417
COL_396162,44189.42268849342
COL_396197,53449.15308826231
COL_396213,29698.144539791025
COL_396366,10938.708002586893
COL_396368,36134.84020965395
COL_396373,31921.13334726344
COL_396385,42990.30908431299
COL_396389,49371.3185653372
COL_396399,40821.935142883885
COL_396434,220311.41269906936
COL_396522,58170.74200599527
COL_396536,67210.68178094881
COL_396544,68255.65866190993
COL_396605,68612.70791464618
COL_396766,56267.89463427543
COL_396828,73073.77355033423
COL_396833,80322.71415646766
COL_396838,24810.558691707905
COL_396937,64548.51215374086
COL_396959,78892.56090609868
COL_396960,80107.11696839712
COL_396961,77306.90692625796
COL_396975,38016.66758575613
COL_397004,78072.60413671599
COL_397068,65414.065165330125
COL_397220,49889.19590140223
COL_397251,34895.65702320962
COL_397387,45388.28662112967
COL_397408,183653.93788389812
COL_397515,421507.696897458
COL_397613,89012.73271071767
COL_397736,57942.220840061826
COL_397747,69438.41749078239
COL_397860,90618.13869214832
COL_397875,43756.618696913385
COL_397928,45875.2944411704
COL_398072,43158.967944659824
COL_398073,62138.97150518551
COL_398193,45112.36091674569
COL_398230,66500.45014865701
COL_398232,86980.23922258726
COL_398238,83201.7938653297
COL_398375,40966.24036180832
COL_398381,56053.966455440386
COL_398395,61820.1006561127
COL_398412,41349.01988179624
COL_398466,55948.545307197055
COL_398494,23440.617406424015
COL_398545,63926.98965278637
COL_398781,49752.56023922803
COL_398819,44651.960593944066
COL_398836,102137.03200987275
COL_398868,163826.97088474917
COL_398879,105859.93467500858
COL_398902,27036.826252358824
COL_398904,62859.048218107004
COL_399019,51849.90323466377
COL_399049,47838.38766579663
COL_399059,46170.09355776578
COL_399127,37015.06162400084
COL_399459,58735.02017442343
COL_399529,41617.481546341514
COL_399530,42895.83809605532
COL_399886,97790.28694145377
COL_399931,57003.480780004495
COL_400024,82492.049963534
COL_400104,65705.08120278142
COL_400156,52379.87868309335
COL_400161,47744.98158184003
COL_400207,71544.28551594897
COL_400215,70697.36806861685
COL_400271,53185.91454504277
COL_400272,53185.91454504277
COL_400380,61705.51599456322
COL_400422,43603.325711515274
COL_400487,52492.54165845001
COL_400545,77685.29528402055
COL_400546,53681.22721799364
COL_400549,56973.803415348375
COL_400554,36489.99722036009
COL_400610,44547.88086373657
COL_400630,36532.54174431239
COL_400640,59315.5282168984
COL_400645,56887.1739837946
COL_400652,41900.09857719633
COL_400802,53391.03773956145
COL_400811,52507.1559648206
COL_400840,58181.29753372005
COL_400904,69045.89172424095
COL_400940,326499.47366137133
COL_401007,4866.37981927809
COL_401013,33582.641589432824
COL_401269,43346.93685447458
COL_401392,1095027.9594042362
COL_401419,89845.36502425562
COL_401547,25689.550147704773
COL_401587,109513.26032159929
COL_401661,49773.228820867684
COL_401705,72213.76550053517
COL_401767,40937.707650048775
COL_401797,45451.03611182694
COL_401868,50323.769455007816
COL_402016,38113.48458499792
COL_402348,57454.12768213226
COL_402421,117535.09155682524
COL_402474,43294.7759788878
COL_402475,111709.2152806645
COL_402507,42091.02386551448
COL_402530,32567.951786036214
COL_402555,110977.12009229645
COL_402739,68445.00295388256
COL_402789,40880.59811036977
COL_402795,53271.4489466509
COL_402894,61844.61776811003
COL_402928,76892.45325322809
COL_402934,45647.091655828626
COL_402936,60632.21272941662
COL_402957,67581.13148865258
COL_403052,61404.3428479047
COL_403101,70857.10012770107
COL_403137,63250.57447332061
COL_403139,60876.22366938334
COL_403160,24331.639356280026
COL_403161,44010.22400936345
COL_403162,69688.8618045466
COL_403165,31115.35203449135
COL_403242,34724.44726057443
COL_403418,55015.032220684014
COL_403560,37163.57298909284
COL_403564,34436.469899775206
COL_403610,107723.78243859642
COL_403634,37092.2741348413
COL_403737,74129.12795465362
COL_403848,64768.06359316604
COL_403854,61757.26589909455
COL_403937,65179.4473673333
COL_404130,204234.95126405123
COL_404143,50879.20183865558
COL_404183,29115.44186336652
COL_404215,89577.11401194974
COL_404333,116226.68888028394
COL_404345,42582.78239100759
COL_404438,67509.58487365309
COL_404439,48658.72598333859
COL_404491,329759.2776207354
COL_404576,24451.125473945383
COL_404620,43458.95792751321
COL_404651,85642.87493110729
COL_404736,247.1474238563684
COL_404745,61896.638142492135
COL_404784,113796.39131105514
COL_404872,55717.2089831567
COL_405059,53830.633970318064
COL_405127,-430.9191959049858
COL_405143,81496.28410618541
COL_405156,36752.31930228518
COL_405235,53951.98449799669
COL_405303,38639.37306251159
COL_405345,46432.51021310199
COL_405398,56104.51252301038
COL_405399,51809.73753032703
COL_405507,64162.817326639604
COL_405529,46360.96591605177
COL_405658,75773.46916857152
COL_405666,67545.47916320703
COL_405711,55813.5683938057
COL_405811,62314.797907203465
COL_405951,46566.61807394527
COL_406025,72711.7477159766
COL_406081,97310.64699403931
COL_406092,147431.2321350434
COL_406116,28279.141330407987
COL_406145,34825.76607497973
COL_406171,42840.685702102484
COL_406232,83159.93262579232
COL_406234,59321.718478545015
COL_406275,72144.73838932117
COL_406276,87253.68787817254
COL_406277,44940.13140838448
COL_406278,38913.5978994306
COL_406279,31893.60092061128
COL_406291,31230.098479872548
COL_406380,52779.97177608076
COL_406471,56917.44801432654
COL_406524,27515.555441145574
COL_406525,45926.214310940835
COL_406577,43206.14696291834
COL_406642,281330.85301725654
COL_406698,48484.377862610934
COL_406765,10479.57222509206
COL_406819,81780.3056118964
COL_406981,62912.016414732076
COL_407017,55521.02997441867
COL_407064,47219.74591320937
COL_407236,246409.77496199968
COL_407262,77731.4566024689
COL_407274,71103.48367146043
COL_407301,52230.11989056573
COL_407334,37167.60350621963
COL_407372,41135.13835363993
COL_407383,9528.070698658914
COL_407391,52792.43042011724
COL_407415,29115.44186336652
COL_407480,59545.5423175163
COL_407570,152405.8377189079
COL_407627,25185.57140749638
COL_407634,73005.94977333758
COL_407635,71066.85863561575
COL_407683,43978.6988996582
COL_407899,45575.88516129734
COL_407927,43541.35068957673
COL_407936,40751.54126466951
COL_407956,57937.468236707595
COL_407969,38169.2145188076
COL_408007,38169.2145188076
COL_408026,69527.80758288682
COL_408056,41446.48214912766
COL_408156,56316.04749881683
COL_408157,28427.71340535688
COL_408181,47120.058972244864
COL_408230,38722.389620800335
COL_408276,55371.58350176917
COL_408313,62405.34920618683
COL_408317,49115.271831443075
COL_408318,49115.271831443075
COL_408319,54480.30967192845
COL_408320,52331.91742294781
COL_408349,62217.243359495886
COL_408552,80144.34560797182
COL_408565,62121.1774844816
COL_408672,47182.85941543406
COL_408682,58990.5403333947
COL_408686,34519.98323600923
COL_408724,38204.691112518405
COL_408765,40734.78315886446
COL_408832,24753.94476749159
COL_409107,60767.81785112775
COL_409486,71006.67046762425
COL_409495,77767.2521579798
COL_409540,200273.6638750559
COL_409590,66787.83761464604
COL_409662,51169.99708973141
COL_409668,63474.60780976522
COL_409784,51927.17208498048
COL_409790,49062.64157301539
COL_409858,45168.64587615448
COL_409866,52431.488673123626
COL_409962,43243.84457879606
COL_410295,49612.97791508829
COL_410302,45592.25105792798
COL_410316,72723.98029670102
COL_410448,76239.94431626097
COL_410498,31268.446653265575
COL_410525,37085.26776234447
COL_410534,133790.20172353924
COL_410549,18557.44791701209
COL_410657,116944.81579117927
COL_410724,44143.92546093476
COL_410778,41364.91996906799
COL_410957,40207.16449442314
COL_411043,71835.3143284197
COL_411096,174838.85096550928
COL_411111,65262.64175322998
COL_411137,81586.26342963538
COL_411195,41561.86979933385
COL_411202,41272.955827890786
COL_411220,129898.47407755807
COL_411221,122656.0434704598
COL_411238,39805.93477782898
COL_411275,17344.520653024836
COL_411301,63293.23374641455
COL_411514,46065.055414298746
COL_411540,46908.92403236985
COL_411700,39690.66817267062
COL_411961,37810.143878155635
COL_411962,62498.80043549634
COL_412082,34808.117530633295
COL_412105,37593.02585660006
COL_412122,40054.96752522107
COL_412124,113268.56551186937
COL_412125,69225.65958102289
COL_412244,30656.00954867476
COL_412251,44295.478711689924
COL_412275,47151.226925744784
COL_412308,49129.47984664279
COL_412337,32338.27704974258
COL_412350,49371.3185653372
COL_412395,55442.710906782
COL_412411,60564.86449751738
COL_412491,81039.00488425448
COL_412575,54294.69604262907
COL_412583,68534.61887876215
COL_412606,41235.14089561604
COL_412656,64031.613746728755
COL_412697,47971.762130146206
COL_412711,15176.821439820871
COL_412850,35540.97382889811
COL_412851,30261.316187125944
COL_412853,13360.752495347824
COL_412856,34635.192965589544
COL_412857,35370.03957907455
COL_412925,199029.96709825954
COL_412926,201743.1036254471
COL_413217,105467.6431645231
COL_413225,40069.60609385133
COL_413258,132752.00878563052
COL_413261,66358.97955372045
COL_413262,59931.79539611383
COL_413270,35943.60310089516
COL_413271,130153.19880475127
COL_413275,17675.503140771605
COL_413474,94737.78060386087
COL_413482,42269.608417173455
COL_413607,114865.60031176248
COL_413678,41213.27912488771
COL_413943,59479.72807257059
COL_413976,72783.2244576456
COL_414175,187559.77330483796
COL_414193,54051.16095419345
COL_414295,11055.912051703745
COL_414337,188526.7850004305
COL_414380,32218.773757805022
COL_414470,95423.79235507516
COL_414471,51304.82615130348
COL_414687,63672.10693285997
COL_414867,37723.75126592943
COL_414930,50392.82946419548
COL_414931,127876.03753630604
COL_415267,49121.39160471808
COL_415295,66512.41265914112
COL_415296,64210.5292461494
COL_415357,193000.41419166466
COL_415433,48499.83126537992
COL_415503,49362.949348327784
COL_415607,41275.64525007605
COL_415617,70187.39211383929
COL_415653,70098.43882205726
COL_415665,35664.179593429966
COL_415782,29643.479377199154
COL_415791,57871.235383937055
COL_415947,62460.119927928004
COL_415983,60768.66091658985
COL_415989,69841.12639419264
COL_416016,50053.308372438565
COL_416140,21656.315420908384
COL_416279,43687.011596935605
COL_416336,48650.304555935036
COL_416444,66144.7116891503
COL_416460,34292.697344561944
COL_416464,13086.624249415338
COL_416466,45438.14730220641
COL_416469,34506.235207294776
COL_416545,92315.82893424676
COL_416560,60973.85170935172
COL_416564,44694.665210658204
COL_416626,68125.45587159623
COL_416665,44502.9167065268
COL_416673,48437.771258137465
COL_416695,117963.14997254759
COL_416696,114013.13474782337
COL_416697,112290.57136136902
COL_416698,131862.31915043466
COL_416699,118499.25841674348
COL_416700,119657.28979987797
COL_416766,27461.892393413524
COL_416774,48875.310819882674
COL_416778,52298.62365607521
COL_416785,51854.38466655808
COL_416814,58914.35295935754
COL_416868,53295.095612572186
COL_416894,63039.90505098799
COL_417030,60854.977473233615
COL_417049,73441.54135147038
COL_417096,35633.08136910569
COL_417122,51398.36390953116
COL_417124,56188.707862392286
COL_417171,45033.37039088284
COL_417174,17546.05426073043
COL_417228,32757.52214170683
COL_417236,81479.77887075733
COL_417265,78949.3581162969
COL_417266,39975.50513187611
COL_417267,50043.325124256524
COL_417271,42253.60587658389
COL_417284,52926.627354926844
COL_417318,65564.93024239667
COL_417423,51124.59146786656
COL_417510,45257.84368432714
COL_417566,26496.11901643384
COL_417567,28999.92309312148
COL_417588,71389.89988282189
COL_417745,63094.933891674285
COL_417886,41335.403222084846
COL_417890,30478.822632589607
COL_418074,52041.15247118531
COL_418076,71389.89988282189
COL_418114,62599.09251586141
COL_418116,45679.096532199976
COL_418130,41319.206292125404
COL_418135,39567.90848033488
COL_418144,39744.08428674071
COL_418176,56636.96642831593
COL_418198,71093.6474698696
COL_418222,97619.59866468626
COL_418224,675179.4648727631
COL_418240,47623.29635501752
COL_418264,45805.8300755788
COL_418371,169474.80434021977
COL_418556,116833.1995964434
COL_418578,69198.63113350382
COL_418774,55837.04459758017
COL_418818,124375.64785820912
COL_418839,81927.98201262469
COL_418881,92613.01434814218
COL_418888,47150.092698496075
COL_418990,76796.7565743117
COL_419050,42151.674709012805
COL_419102,43587.155172485785
COL_419181,53030.536958420846
COL_419250,69742.41380015599
COL_419337,74702.16686661563
COL_419383,41403.471491145705
COL_419397,102351.14846490516
COL_419431,47367.166400360984
COL_419510,70139.2808257953
COL_419518,34002.126441891116
COL_419574,37630.41785645298
COL_419578,46010.84417925368
COL_419614,23794.892925214284
COL_419756,197018.38285896
COL_419765,60556.03094780512
COL_419779,48003.46498460222
COL_419796,32386.244245001977
COL_419798,39934.452403743504
COL_419799,53225.17527320081
COL_419870,72745.62612538933
COL_419871,72745.62612538933
COL_419872,66876.71915389602
COL_419873,65936.39848391205
COL_420021,86637.4925568197
COL_420031,43173.70315992715
COL_420037,29250.914574898587
COL_420080,56219.66711016423
COL_420362,23693.59466962102
COL_420401,52247.10945229962
COL_420490,77820.56577030898
COL_420491,27156.955597386263
COL_420515,48772.06488792176
COL_420540,265908.94732943835
COL_420668,19958.280286440004
COL_420707,83768.49409920948
COL_420743,211589.84335363202
COL_420784,71651.57113040316
COL_420790,49097.80017191362
COL_420901,58887.50309006851
COL_421024,38008.018378829925
COL_421052,29514.141502924685
COL_421060,34643.80296934308
COL_421061,70395.35475350285
COL_421110,40864.80877062616
COL_421112,65485.38252700603
COL_421121,86347.42977256562
COL_421208,45280.33085617527
COL_421218,53191.260174985255
COL_421237,179524.9059633129
COL_421255,52348.710340170284
COL_421283,39516.10323216058
COL_421291,60843.600742842944
COL_421297,98522.29637130482
COL_421343,21694.9738838753
COL_421344,51689.08375860442
COL_421348,68074.92738186277
COL_421552,96768.08803811372
COL_421654,44200.561662577216
COL_421655,49939.39733198516
COL_421692,45983.9143391942
COL_421693,84692.2728205094
COL_422153,82367.6335326143
COL_422232,74942.64526507219
COL_422255,62438.059941504725
COL_422256,49947.778430258084
COL_422257,49947.778430258084
COL_422275,46453.57697832187
COL_422286,27727.637369379667
COL_422287,42331.89915654258
COL_422289,19954.286510029877
COL_422290,66615.37786613856
COL_422291,52270.279083710564
COL_422330,62311.950867258136
COL_422413,101576.76569393864
COL_422452,35964.458845841684
COL_422592,34812.107085318064
COL_422610,71853.22295386046
COL_422646,484061.9490652324
COL_422735,43288.14498241501
COL_422779,48275.962289215844
COL_422780,54065.503156385304
COL_422781,55805.18654211459
COL_422782,27045.012869014685
COL_422832,60805.34499759547
COL_422901,27733.056978538585
COL_422922,59606.02362625125
COL_422969,25382.428194868415
COL_422998,52244.28415205303
COL_423042,46210.69726677785
COL_423271,354265.8203919804
COL_423292,31686.55528846759
COL_423390,33849.84775215649
COL_423398,27503.696284134094
COL_423541,74452.84277256363
COL_423629,75795.02708871165
COL_423714,75367.55064198191
COL_423761,111165.37841354475
COL_423762,111866.61765694001
COL_423840,35371.53152387373
COL_424042,83610.2716345322
COL_424094,66153.9570247846
COL_424147,42851.509397363945
COL_424211,48211.707391477896
COL_424260,32297.257469103533
COL_424300,47823.59670432572
COL_424348,53651.213596060516
COL_424494,81813.9337230879
COL_424642,203154.32460085215
COL_424752,37954.08419954312
COL_425001,50898.088312403444
COL_425093,45256.47875515796
COL_425126,74034.25123890115
COL_425176,37211.53982591191
COL_425196,23907.824778632836
COL_425223,50744.5987945224
COL_425244,76232.4538446998
COL_425369,75230.76676860647
COL_425409,52108.3700455098
COL_425441,64975.47562108592
COL_425639,100169.60294433321
COL_425665,21104.412574467533
COL_425846,87300.64972868994
COL_425989,65634.06685956342
COL_426027,67692.84046013438
COL_426061,33060.060384702636
COL_426087,51399.36719375798
COL_426104,19523.073196963185
COL_426111,35104.10480509819
COL_426115,48556.05264563729
COL_426116,46591.37686470079
COL_426125,33853.18584815036
COL_426151,29960.018527166154
COL_426153,108543.18281991512
COL_426154,41695.91561937788
COL_426155,39123.38640570896
COL_426193,56668.81885826712
COL_426194,58775.07194088992
COL_426197,49062.64157301539
COL_426198,57668.76222580212
COL_426280,55409.96749228617
COL_426368,61463.391580141695
COL_426396,40919.774350061394
COL_426421,54141.518248042696
COL_426497,52507.953722688035
COL_426515,94919.44265240677
COL_426542,37749.289138156106
COL_426551,72296.71969325522
COL_426606,18444.92234382466
COL_426630,44157.128249885325
COL_426890,44220.59498904801
COL_427026,47694.059892808975
COL_427086,50795.193114610134
COL_427087,51938.817975412494
COL_427088,50214.91661259297
COL_427345,34742.38181697519
COL_427417,30454.43692970546
COL_427594,213200.86213595484
COL_427626,44753.91283856596
COL_427674,44772.227644320024
COL_427685,60035.38258446408
COL_427694,42259.00076703438
COL_427711,46114.808921015356
COL_427712,91296.53197618424
COL_427713,39803.2204868936
COL_427738,80566.40921969325
COL_427889,69470.33540669821
COL_427891,48770.20202440695
COL_427927,49823.12534509577
COL_428045,37513.1467845982
COL_428116,56034.67811129395
COL_428221,22249.649682778887
COL_428332,27903.59627173333
COL_428419,56877.33732444801
COL_428436,42556.37151695029
COL_428459,43540.41167014248
COL_428460,90815.14354672671
COL_428724,214127.59595347333
COL_428952,56069.43539916453
COL_428982,74022.63095726162
COL_428983,65627.70031001462
COL_429040,50152.50145864542
COL_429053,74043.91817819761
COL_429063,34587.03497935498
COL_429128,59689.805673059505
COL_429131,61559.641210358015
COL_429190,40759.08281479586
COL_429211,40122.655568129805
COL_429243,62496.40861575571
COL_429270,92099.24439493046
COL_429312,49086.72988330452
COL_429415,48770.35438882953
COL_429434,48111.10670992934
COL_429512,50088.112862123
COL_429591,47576.88768953145
COL_429627,53128.90374600213
COL_429671,84761.85692264259
COL_429672,84761.85692264259
COL_429688,66912.74303147529
COL_429689,66972.31414782566
COL_429693,51014.02091941626
COL_429715,80322.71415646766
COL_429792,90720.41013774856
COL_429831,59614.34391941871
COL_430043,282719.2614805422
COL_430076,58735.03046078341
COL_430092,44638.419611986035
COL_430123,62377.575780657986
COL_430196,26752.005167543994
COL_430201,61147.61236415785
COL_430215,70248.9775321902
COL_430335,46571.84307387215
COL_430443,73994.7604449596
COL_430444,73994.7604449596
COL_430445,54265.42649055752
COL_430446,66038.82717962074
COL_430506,89886.79334530035
COL_430651,39133.43530601003
COL_430726,60002.5973981626
COL_430765,82962.84385727433
COL_431040,36480.61712590878
COL_431079,57911.25295126033
COL_431111,27744.97990038659
COL_431147,51943.23384191672
COL_431149,45063.85187289478
COL_431152,44396.291699869245
COL_431279,58960.72066918235
COL_431283,46308.21683497136
COL_431331,49513.81291627974
COL_431364,61697.96909714546
COL_431377,63250.350280324965
COL_431389,32357.65194163266
COL_431561,46203.02779132438
COL_431663,53510.436785072256
COL_431675,52094.44811302598
COL_431683,86581.26687171252
COL_431707,65122.99365644976
COL_431768,47971.762130146206
COL_431982,77467.6237138247
COL_431990,47779.294088996154
COL_432077,67556.49966420968
COL_432104,45492.56988205449
COL_432105,44691.84504173588
COL_432272,46114.04765538296
COL_432283,64285.16342548033
COL_432319,53596.91164480026
COL_432320,53280.27589736405
COL_432332,41346.49397833025
COL_432333,49905.1485035387
COL_432412,128615.33800571506
COL_432415,34378.473287600966
COL_432420,53705.44181056519
COL_432640,80503.55098936701
COL_432644,19844.40387330261
COL_432646,79130.98763640919
COL_432755,172512.06917842262
COL_433016,50086.19829689984
COL_433137,55584.59250419804
COL_433206,46047.43362366335
COL_433218,30842.005137909207
COL_433381,53297.98054754714
COL_433499,49525.669475494615
COL_433501,118934.66332965433
COL_433595,56145.33705222218
COL_434015,38415.73174493723
COL_434023,73345.28713480338
COL_434027,61082.92879792699
COL_434046,175505.14801186038
COL_434082,144363.21878997723
COL_434097,39755.72945110173
COL_434119,31807.83396049192
COL_434214,55321.22313572833
COL_434303,43082.789304037164
COL_434319,34048.41515458818
COL_434320,40748.1224911612
COL_434338,45398.753210880546
COL_434431,25179.927283212237
COL_434434,46090.956121901865
COL_434601,47299.18800098708
COL_434621,53132.57222335816
COL_434651,40424.47881161762
COL_434686,57454.12768213226
COL_434771,51339.22537642086
COL_434823,22945.96115369765
COL_434848,96723.74786191856
COL_434871,28126.888177247652
COL_435108,67536.13986446433
COL_435148,56558.69242540709
COL_435225,62048.95061171995
COL_435332,111729.43292415344
COL_435436,92259.87991602559
COL_435657,67819.61959214551
COL_435665,34066.92192823375
COL_435718,283974.50944311835
COL_435759,51022.24501530123
COL_435887,54646.528260757215
COL_435996,297595.5274327834
COL_435997,47163.20444965366
COL_436077,56508.400511704975
COL_436085,33688.49007344153
COL_436126,33752.66220081611
COL_436133,51600.11378957573
COL_436154,48968.74674122126
COL_436195,82267.1341494507
COL_436277,27759.918359062252
COL_436336,32102.38353785659
COL_436344,60377.468508788086
COL_436422,60886.135401142434
COL_436438,31436.916136607517
COL_436469,38986.64741879218
COL_436574,37568.47226935137
COL_436582,49238.03602257427
COL_436675,56558.69242540709
COL_436712,49493.804787252986
COL_436721,77731.4566024689
COL_436732,58143.7812539824
COL_436758,58735.03046078341
COL_436969,67133.754643022
COL_437029,75452.10421784704
COL_437045,38837.4556365825
COL_437048,33547.17490005113
COL_437102,102902.22935240756
COL_437108,57298.11834769751
COL_437131,42982.60340670901
COL_437150,57815.034139235504
COL_437151,63513.98511887095
COL_437153,62420.35620540757
COL_437154,68223.85242653749
COL_437155,57815.034139235504
COL_437156,58741.262279760624
COL_437157,58710.21360098208
COL_437186,45725.524108002384
COL_437187,40981.74395007736
COL_437195,34853.39437064604
COL_437280,25039.089472545355
COL_437358,498594.7402585195
COL_437384,48387.467681893875
COL_437385,62035.75647211593
COL_437386,67295.61985363389
COL_437455,53583.97992150132
COL_437456,81467.5638369478
COL_437610,27861.146344086243
COL_437874,23126.426681800218
COL_437881,43660.61309489957
COL_437949,25450.27246760041
COL_437953,43949.02556277073
COL_437972,56363.41375687253
COL_437999,39959.80024638745
COL_438013,95405.80905458059
COL_438024,73845.8888085988
COL_438136,54040.92724361025
COL_438164,203149.72283977317
COL_438343,52174.03650583425
COL_438424,52478.81620513541
COL_438451,30545.224957767517
COL_438458,50341.93020539076
COL_438466,162350.98240720265
COL_438470,42045.62145525923
COL_438603,72578.08327456894
COL_438755,450306.2340792562
COL_438836,65983.97767430673
COL_438853,65649.86007329688
COL_438878,52174.03650583425
COL_438979,84444.79249407597
COL_439032,35522.412709997145
COL_439248,84844.66421476942
COL_439348,68024.55902400138
COL_439366,80744.71663579735
COL_439375,68927.1378914978
COL_439448,40196.86111864255
COL_439463,52051.90759811511
COL_439473,50290.166407860226
COL_439546,61140.13277299206
COL_439560,36636.506917843246
COL_439603,48095.313411985815
COL_439708,39842.25965841819
COL_439738,57093.43021315055
COL_439739,112885.33533601149
COL_439741,43294.1630570409
COL_439746,59601.828054505015
COL_439755,42643.406122135115
COL_439868,63459.24595634951
COL_439909,54998.53808376401
COL_439912,23883.3235708869
COL_439941,30878.58976726414
COL_440220,26214.56574741754
COL_440226,57553.62146508375
COL_440257,48410.34510445851
COL_440262,47250.59747101685
COL_440318,59648.51665306466
COL_440336,50114.39746709118
COL_440347,56553.55180193535
COL_440618,44301.59423862615
COL_440788,46591.37686470079
COL_440831,23779.79106832209
COL_440889,28291.515149263098
COL_440892,38127.16706864225
COL_440903,68574.172545483
COL_441033,70659.59090345296
COL_441069,99503.59916070943
COL_441100,42202.983700482844
COL_441105,71036.99740516218
COL_441129,55731.226798824624
COL_441133,47032.434217873335
COL_441162,50458.4223809326
COL_441185,79875.17650484951
COL_441203,46993.35017291073
COL_441213,45274.17269146613
COL_441222,47175.56104875879
COL_441256,49620.57538878622
COL_441291,46575.05739911233
COL_441499,37085.298022584946
COL_441556,50284.68936925719
COL_441659,88039.7905826695
COL_441695,58385.6771695125
COL_441725,44583.43696942262
COL_441852,47832.11233585784
COL_441872,408884.54671862174
COL_441885,45253.449379865386
COL_441886,48208.398699246805
COL_441887,52244.28415205303
COL_441968,69432.66292497079
COL_442042,67913.1498685517
COL_442088,47965.704617722746
COL_442218,59829.24958511921
COL_442223,38419.39093580277
COL_442404,47318.952013203925
COL_442430,36388.0574207084
COL_442436,45645.95236812155
COL_442660,32126.350142439635
COL_442689,63556.922463371724
COL_442736,84824.43464674834
COL_442849,93844.747563104
COL_442859,48355.44962716355
COL_442896,47651.71602703877
COL_442899,73350.75017489077
COL_442969,58004.36793684123
COL_443027,66492.3737340311
COL_443075,27895.59454702554
COL_443076,122942.90440816413
COL_443086,46248.480361115355
COL_443087,48269.651797559745
COL_443105,88808.47699568518
COL_443174,55487.81169294814
COL_443215,41619.395891865286
COL_443224,48147.575512059186
COL_443260,192666.94487619554
COL_443261,44019.17404365457
COL_443353,98287.09430853272
COL_443381,53101.16012475082
COL_443604,461763.5554531158
COL_443605,244255.15621766704
COL_443606,566066.7414093796
COL_443644,47998.81088865857
COL_443699,31367.181651492974
COL_443721,52283.30189747514
COL_443797,56797.849096383725
COL_443798,75723.36378851403
COL_444056,70682.48733379872
COL_444127,25137.28779177148
COL_444137,-703.1257728346445
COL_444163,57481.82648798753
COL_444190,54376.33362458288
COL_444262,55594.28047143647
COL_444332,29565.433610407068
COL_444379,46759.823353623484
COL_444406,67298.1919649158
COL_444612,9736.968670897726
COL_444615,188527.2567474269
COL_444634,37773.354415817055
COL_444659,31256.850689532766
COL_444707,65309.24293046713
COL_444834,84117.17171866777
COL_444936,34527.665462560035
COL_445000,42561.50618862817
COL_445091,31966.99671529859
COL_445127,465734.8109070729
COL_445191,17846.54400153093
COL_445218,38472.87267743377
COL_445268,280622.97969891696
COL_445304,61400.080549231
COL_445315,35473.170800246255
COL_445336,50926.790131771384
COL_445547,81927.98201262469
COL_445578,66450.44897201957
COL_445661,31985.980593787914
COL_445664,66975.36951780829
COL_445689,36099.935157838525
COL_445693,24517.179269394936
COL_445738,73441.54135147038
COL_445749,60148.35183972761
COL_445753,104435.77630158227
COL_445754,27153.12277211332
COL_445756,47344.81120180924
COL_445780,43259.63861175167
COL_445795,22408.887273425327
COL_445839,39026.19275416754
COL_445871,40861.92067032194
COL_445928,28292.565100142176
COL_446061,45718.23827366284
COL_446070,83421.36781606278
COL_446108,61423.53813127481
COL_446174,52783.88082067788
COL_446228,41389.52042074788
COL_446244,29319.98139143399
COL_446347,78709.3237097846
COL_446363,82325.51804639
COL_446584,94374.00049854777
COL_446585,94374.00049854777
COL_446586,94374.00049854777
COL_446587,100586.60782742861
COL_446588,98745.34489439228
COL_446615,59924.51890924726
COL_446800,49719.18302121493
COL_446838,54916.70119322445
COL_446853,58301.278112081665
COL_446909,28650.998915481283
COL_446917,51301.00950771171
COL_446918,55250.56664130702
COL_446919,55454.35256923375
COL_446920,54761.717467016715
COL_446924,44121.75159238678
COL_447009,54287.71780950653
COL_447084,56929.50988299239
COL_447134,27391.35265025023
COL_447200,44215.59697732854
COL_447278,19512.060379955317
COL_447297,71034.97242049249
COL_447310,47623.29635501752
COL_447346,40219.678597901264
COL_447394,115622.87347894933
COL_447395,40236.35544168138
COL_447397,55146.31955539883
COL_447412,63497.18003446415
COL_447424,37903.89541397969
COL_447434,70473.78175048916
COL_447435,50228.60168284588
COL_447436,77115.60325915771
COL_447437,57227.59143433931
COL_447438,57439.96985848919
COL_447439,32964.02711734523
COL_447440,57653.66070639416
COL_447441,58136.309155104245
COL_447442,66395.56088067385
COL_447443,58136.309155104245
COL_447444,57769.74379753602
COL_447445,58006.54477213967
COL_447446,25884.51348841237
COL_447477,51818.95927909534
COL_447514,66373.85076595045
COL_447614,56338.97187426096
COL_447615,56338.97187426096
COL_447642,82094.74599526839
COL_447650,73279.34458925614
COL_447671,100387.27067566916
COL_447672,102593.38545711071
COL_447698,175393.40383569733
COL_447719,18116.462124238828
COL_447739,104371.13550041574
COL_447865,61032.10491620825
COL_447932,59814.44496938315
COL_447950,32318.300112879006
COL_447973,67915.39981744598
COL_448004,32500.38304505556
COL_448005,32851.04902632236
COL_448006,34925.56849039873
COL_448007,33202.055379060985
COL_448008,32851.04902632236
COL_448009,21890.85326268982
COL_448010,31371.373641593305
COL_448011,54164.61904908189
COL_448017,31559.214487105884
COL_448081,29400.798285412613
COL_448229,66666.56043709812
COL_448288,48220.31869146617
COL_448328,43588.47321552022
COL_448412,14474.729648811852
COL_448444,206944.58778517434
COL_448461,36739.68357759173
COL_448500,35000.00048584518
COL_448541,65296.05225837045
COL_448542,55442.710906782
COL_448543,55442.710906782
COL_448547,70606.64414059983
COL_448598,102613.91340386617
COL_448757,-2659.8256338794477
COL_448763,40725.79647744384
COL_448835,39893.62713403059
COL_448853,48915.14877694422
COL_448947,57387.28730022658
COL_449012,54533.59236500832
COL_449016,24166.996605337255
COL_449024,78327.60709869435
COL_449043,80069.77162523531
COL_449090,49784.626147759445
COL_449146,17344.484001236684
COL_449216,58877.60896228321
COL_449293,83279.29930408641
COL_449311,48646.17312478524
COL_449349,31712.094587607906
COL_449389,42465.668557860874
COL_449497,39115.35687637583
COL_449515,57005.012034976935
COL_449522,38951.80440205102
COL_449526,42710.59563135998
COL_449528,45964.15806157491
COL_449532,17047.208841842883
COL_449536,35085.5210872986
COL_449588,47219.74591320937
COL_449592,38798.9079225092
COL_449811,204003.7743644756
COL_449907,52544.123272062396
COL_449939,88720.81006370562
COL_450017,30995.559049858202
COL_450118,128336.60806541925
COL_450161,46745.138818165135
COL_450164,24568.075752179626
COL_450185,48359.841104752944
COL_450237,48533.83378261568
COL_450271,91552.21886693333
COL_450347,50308.358534637075
COL_450351,43329.871482795796
COL_450523,43360.862381517494
COL_450578,33150.51092729486
COL_450609,33535.24828257869
COL_450632,31561.809687458346
COL_450739,35801.62904651522
COL_450740,44223.808214557044
COL_450800,42262.35938742055
COL_450807,51773.45597383933
COL_450863,45035.491322177804
COL_451021,48022.33127802255
COL_451022,64349.85806174486
COL_451120,52469.80793055323
COL_451222,87147.38929974077
COL_451337,31686.55528846759
COL_451353,31253.52468287806
COL_451357,69752.66255291877
COL_451366,32434.284430713553
COL_451424,54128.8614100218
COL_451493,60168.541970944876
COL_451570,61290.231818706045
COL_451580,64907.9934747911
COL_451581,54767.76579282253
COL_451744,58877.60896228321
COL_451780,61366.70870884085
COL_451858,40069.94330457572
COL_451866,33416.701593372214
COL_451867,69683.81415915384
COL_451876,33130.40411226249
COL_451882,39383.03781414684
COL_451949,81278.42596342324
COL_452035,15309.208398845136
COL_452047,41502.57811930033
COL_452048,108444.57886266234
COL_452145,48171.926766305114
COL_452284,61844.61776811003
COL_452285,70915.3184466754
COL_452313,97366.27569144678
COL_452342,44500.16155893094
COL_452469,40642.67213360248
COL_452492,58183.58934953348
COL_452515,44345.377208758175
COL_452536,50667.206152909326
COL_452555,68279.50308347036
COL_452731,40227.498700943666
COL_452765,47806.37892350851
COL_452800,82475.1583120469
COL_452849,71163.90713907857
COL_452871,60398.8918247522
COL_452912,86953.5060580219
COL_452934,57635.74927057101
COL_453175,83594.23758885876
COL_453176,50573.05818468396
COL_453182,102757.47126841011
COL_453204,66914.68437382183
COL_453205,57171.98960082225
COL_453213,60232.3886721722
COL_453228,50673.98095515394
COL_453378,43516.39816045597
COL_453382,60171.545669200605
COL_453391,46930.96341888051
COL_453406,62503.59208600298
COL_453662,34545.26308527101
COL_453691,43355.17259146106
COL_453739,58511.27505742878
COL_453800,61757.26589909455
COL_453871,32926.73501525027
COL_453991,58327.05170753089
COL_453992,59322.7332344942
COL_453993,36758.187390528816
COL_453994,47316.23673815564
COL_453995,47316.23673815564
COL_453996,44719.77828123985
COL_453997,45694.550789649096
COL_453998,44020.2662449181
COL_453999,38938.227281773485
COL_454000,56082.67066919034
COL_454001,58061.4193354903
COL_454002,48360.49216684133
COL_454003,49851.94687715906
COL_454004,48927.020142377354
COL_454005,24684.96920341166
COL_454022,28862.27319909275
COL_454023,47053.58341822574
COL_454069,128449.4476825719
COL_454085,43255.732364087205
COL_454096,43294.276299505924
COL_454109,91296.53197618424
COL_454110,45322.127917688136
COL_454132,94953.36248652176
COL_454285,29256.106718936535
COL_454306,45392.50858741084
COL_454307,46141.77837771513
COL_454308,45677.145097146
COL_454309,43499.192526516825
COL_454310,41033.364619532105
COL_454422,52088.04497734598
COL_454493,55442.710906782
COL_454637,35740.34177370956
COL_454727,43653.68970579863
COL_454740,63606.17569658363
COL_454753,39541.98224206474
COL_454768,49151.409217771245
COL_454799,43060.072768310245
COL_455089,30486.98422892454
COL_455212,60987.154711539304
COL_455261,78675.75077660961
COL_455381,63096.027393703465
COL_455397,44229.36780819867
